post_num,shortcode,links,img_url,timestamp,num_comments,num_likes,caption
522,BuQeHLEjC22,https://www.instagram.com/p/BuQeHLEjC22/?taken-by=hyperme.chainstores,https://scontent-frt3-1.cdninstagram.com/vp/85d4980cd6eeb58f6f719e0ff5d4f8a2/5C765C58/t51.2885-15/e15/51262044_1507836139348334_2414581971239294781_n.jpg?_nc_ht=scontent-frt3-1.cdninstagram.com,1550996368,2,193,ุงูุณุงู ูู ุฎููู ุชูููู ุฑุงุญุช ู ูุชูุงูุช ุฑู ุดุฑูุน ูููู๐คฉโจ . . ุฎูุด ุจฺฏุฐุฑูููู๐ . ูุธุงูุช ูุฒููุงู ูุนุงุฏู ุจุง ฺฉุงุฑ ุณุฎุช ูุณุชุ ฺฉ ููุณู ุฎูุจ ุง ฺฉ ุจุฑูุงูู ุฑุงุฏู ููุฏ ู ุชูุงูุฏ ุดูุง ุฑุง ุจุง ุงุดุชุงู ุจุดุชุฑ ุจู ุชุญุฑฺฉ ูุง ุฏุงุฑุฏ. . ุณุงุฒูุงูุฏู ูุณุงู ูุธุงูุช๐งน๐งบ๐งฝ๐งผ . ุจูุชุฑ ุงุณุช ููู ูุณุงู ููุฑุฏ ูุงุฒ ุฑุง ุฏุฑ ฺฉ ุณุทู ุง ฺฉ ุณุจุฏ ูุฒุฏฺฉ ุฎูุฏ ูุฑุงุฑ ุฏูุฏ ุชุง ููุดู ุจู ุขู ุฏุณุชุฑุณ ุฏุงุดุชู ุจุงุดุฏ. . ุงุชุงู ูุดููู๐ . ุจุฑุงู ุชููุฒ ูุฑุฏู ุงุชุงู ูุดููู ูุง ูุฑ ุงุชุงููุ ุงุฒ ุณุทูุญ ุจุงูุงุชุฑ ุดุฑูุน ูุฑุฏู ู ุจู ูพุงููู ุจูุงููุฏ. . ุงุฏุงูู ุฏุงุฑุฏ...๐ฅฐ #ูุงููพุฑูู #ุงููุฌุง_ุจู_ุฌุงู_ููู_ุฌุง #ููุงุช_ุฎููู_ุชูููู #ูุฐุช_ุฒูุฏฺฏู #ููุดู_ูพุฑ_ุชุฎูู #ูุฑูุดฺฏุงู_ูุงููพุฑูู #ูุฑูุดฺฏุงู_ูุงู_ุฒูุฌูุฑู_ุงู_ูุงููพุฑูู
521,BuHIUCjHVml,https://www.instagram.com/p/BuHIUCjHVml/?taken-by=hyperme.chainstores,https://scontent-frt3-1.cdninstagram.com/vp/9a3e2ac083edc1101b9ef18708c64dde/5C76717E/t51.2885-15/e15/51171017_118590302569753_981693827243308662_n.jpg?_nc_ht=scontent-frt3-1.cdninstagram.com,1550682835,13,220,๐ ูุงูพุฑู ุดุฑุงุฒ ุฏุฑ ุฑุงู ุงุณุช .. ๐ ุจุง ุงุฌุฑุง ุนูุงุฏ ุทุงูุจ ุฒุงุฏู ๐นููุงุฏ ุญุถุฑุช ุฒูุฑุง (ุณ) ๐นุฑุง ุฌุดู ู ฺฏุฑู  ฺฉ ุฌุดู ุจุฒุฑฺฏ ุจุง ๐ููุฑุงูุดุงู ุจ ูุธุฑ๐ ุฏุฑ ุขุณูุงู ุดุฑุงุฒ . ูุฑูุฏ ุฑุงฺฏุงู ู ุจุฑุง ุนููู ุขุฒุงุฏ ุงุณุช . ุฌูุนู ณ ุงุณููุฏ ุณุงุนุช ฑธ .  ุฎุงุจุงู ูุดุฑ ุดุฑู ุ ูุฌุชูุน ูุดุฑ . . . . . #ูุงููพุฑูู #ูุงููพุฑูู_ุดูุฑุงุฒ #ูููุดู_ูพุฑ_ุชุฎููู #ุฌุดู_ูููุงุฏ_ุญุถุฑุช_ุฒูุฑุง #ุนูุงุฏ_ุทุงูุจ_ุฒุงุฏู๐
520,BuDWCAUDuWB,https://www.instagram.com/p/BuDWCAUDuWB/?taken-by=hyperme.chainstores,https://scontent-frt3-1.cdninstagram.com/vp/ec1c9b78dbbd67e372b34a53ac915de5/5D27B583/t51.2885-15/e35/51361545_633780743729060_8847088067959480211_n.jpg?_nc_ht=scontent-frt3-1.cdninstagram.com,1550555437,1,212,ูุงูพุฑู ุฏุฑ ุชูุงู ูุฑูุดฺฏุงู ูุง ุฎูุฏุ ุจุง ุชุฎูู ูุง ู ุฎุฏูุงุช ูฺู , ุชูุงูุช ุฑุง ูุนู ู ฺฉูุฏ๐ . . . #ูุงูพุฑู #ููุดู_ูพุฑ_ุชุฎูู ู_ููุดู_ูพุฑ_ุชุฎูู #ูุงูพุฑู_ุงุฑุงู #ุงูุฌุง_ุจู_ุฌุง_ููู_ุฌุง #hyperme #hyperme_chainstores #chainstores #hyper_me#ูุงูพุฑู #ุชุฎูู_ูฺู #ุชุฎูู #ูุฑูุดฺฏุงู_ุฒูุฌุฑู_ุง #ูุงูพุฑู_ุงุฑุงู #ูุฑูุด #ูุฑูุด_ูฺู #ุฏุงูุณุชู_ูุง_ูุงูพุฑู #ูุงูพุฑ_ูุงุฑฺฉุช #ููุดู_ูพุฑ_ุชุฎูู
519,Bt_jrzhnuKE,https://www.instagram.com/p/Bt_jrzhnuKE/?taken-by=hyperme.chainstores,https://scontent-frt3-1.cdninstagram.com/vp/eec8f0c2c0a3b275f7330db3bc13d031/5D0DFA2D/t51.2885-15/e35/51691605_353639685231347_2290631216851993718_n.jpg?_nc_ht=scontent-frt3-1.cdninstagram.com,1550428377,6490,1124,ุจุง ุฏูุช ุจู ุชุตุงูุฑ ูุฑูุดฺฏุงู ูุงูพุฑู ูฺฏุงู ฺฉู๐ . ฺูุฏ ุชุง ุงุฎุชูุงู ุจู "ุฏู ุนฺฉุณ ูุฑูุดฺฏุงู ูุงููพุฑูู "ูุชูู ูพุฏุง ฺฉูุ๐ค . ุชุนุฏุงุฏ ุชูุงูุช ูุง ุฑู ุจุฑุงููู ุฏุฑ ฺฉุงููุช ุจููุณ ู ุณู ุชุง ุงุฒ ุฏูุณุชุงุชู ุชฺฏ/ ููุดู ูู ู ุฏุฑ ูุฑุนู ฺฉุด ุฏุฑุงูุช ุณู ุฌุงุฒู ฒฐฐ ูุฒุงุฑ ุชููุงู ุดุฑฺฉุช ฺฉู๐ . ุงุฏุช ูุฑู ูพุฌ ูุงูพุฑู ุฑู ุญุชูุง ุจุงุฏ ูุงูู ฺฉู๐ค . ูุฑุงุฑู ุงุฒ ุงู ุจุนุฏ ุงูุฌุง ฺฉู ูุณุงุจูู ุจุฑฺฏุฒุงุฑ ฺฉูู๐ . ุชูุฏูุฏ ุดุฏ:  ูุณุงุจูู ูฆ ุงุณููุฏ ุณุงุนุชูกูข:ูู ูุฑุนู ูุดู ููุดู๐ . ููู ุญุงูุง ุดุฑฺฉุช ฺฉู๐ @hyperme.chainstores #ูุงูพุฑู #ูุงูพุฑู_ุดู #ุจุฑูุฏู_ุดู #ูุณุงุจูู #ูุณุงุจูุงุช_ููุชฺฏ #ูุณุงุจูุงุช_ููุชฺฏ_ูุงูพุฑู #ุงูุฌุง_ุจู_ุฌุง_ููู_ุฌุง
518,Bt-aeuWDhKo,https://www.instagram.com/p/Bt-aeuWDhKo/?taken-by=hyperme.chainstores,https://scontent-frt3-1.cdninstagram.com/vp/68ce00b5c966b3b2e736038256eae513/5C76072E/t51.2885-15/e15/51311966_394079244755968_3216956952220550247_n.jpg?_nc_ht=scontent-frt3-1.cdninstagram.com,1550390837,92,320,ูุณุงุจูุงุช ุงููุณุชุงฺฏุฑุงูู ูุงููพุฑูู ุขุบุงุฒ ุดุฏ๐๐ . ุงูู ุจุงุฑ ุดูุง ุจุฑูุฏู ุงูุฏ๐ . ุตูุญู ูุงููพุฑูู ุฑุง ุฏูุจุงู ูููุฏ ู ุจู ุฏูุณุชุงู ุฎูุฏ ุงุทูุงุน ุฏููุฏ.. . ุฏุฑ ูุณุงุจูุงุช ุฌุฐุงุจ ููุชฺฏู ูุงููพุฑูู ุดุฑูุช ูููุฏ ู ููู ุฌุงูุฒู ุจุจุฑูุฏ ..๐๐ . ุดุฑูุน ูุณุงุจูู ุงูุดุจ ุณุงุนุช ูขูข:ููโฑ . ููุชุธุฑ ุดูุง ูุณุชูู๐๐๐ . . . #ูุงูพุฑู #ูุงูพุฑู_ุดู #ุจุฑูุฏู_ุดู #ูุณุงุจูู #ูุณุงุจูุงุช_ููุชฺฏ #ูุณุงุจูุงุช_ููุชฺฏ_ูุงูพุฑู #ุงูุฌุง_ุจู_ุฌุง_ููู_ุฌุง
517,Bt3bFG6DRWN,https://www.instagram.com/p/Bt3bFG6DRWN/?taken-by=hyperme.chainstores,https://scontent-frt3-1.cdninstagram.com/vp/89d48a0c2bd534f048c985e63278c4a4/5D24F69A/t51.2885-15/e35/50783031_149584096041301_518672931554656234_n.jpg?_nc_ht=scontent-frt3-1.cdninstagram.com,1550155430,2,134,ูุงูพุฑู ุฏุฑ ุชูุงู ูุฑูุดฺฏุงู ูุง ุฎูุฏุ ุจุง ุชุฎูู ูุง ู ุฎุฏูุงุช ูฺู , ุชูุงูุช ุฑุง ูุนู ู ฺฉูุฏ๐ . . . #ูุงูพุฑู #ููุดู_ูพุฑ_ุชุฎูู ู_ููุดู_ูพุฑ_ุชุฎูู #ูุงูพุฑู_ุงุฑุงู #ุงูุฌุง_ุจู_ุฌุง_ููู_ุฌุง #hyperme #hyperme_chainstores #chainstores #hyper_me#ูุงูพุฑู #ุชุฎูู_ูฺู #ุชุฎูู #ูุฑูุดฺฏุงู_ุฒูุฌุฑู_ุง #ูุงูพุฑู_ุงุฑุงู #ูุฑูุด #ูุฑูุด_ูฺู #ุฏุงูุณุชู_ูุง_ูุงูพุฑู #ูุงูพุฑ_ูุงุฑฺฉุช #ููุดู_ูพุฑ_ุชุฎูู
516,Bt2y0F9DaEm,https://www.instagram.com/p/Bt2y0F9DaEm/?taken-by=hyperme.chainstores,https://scontent-frt3-1.cdninstagram.com/vp/51bf775cb8e1fee2f49dd8f4c09ce1fe/5D1A0FA7/t51.2885-15/e35/51007583_2199585170294156_4615520540414606800_n.jpg?_nc_ht=scontent-frt3-1.cdninstagram.com,1550134319,0,121,ุฑูุฒ ุนุดู ู ุฏูุณุชู ูุจุงุฑูโค๏ธ . . #ูุงููพุฑูู #ุนุดู #ูููุชุงูู #ูุฑูุดฺฏุงู_ูุงููพุฑูู #ูุฑูุดฺฏุงู_ูุงู_ูุงููพุฑูู #ุงููุฌุง_ุจู_ุฌุงู_ููู_ุฌุง
515,BtyJlvmDtMG,https://www.instagram.com/p/BtyJlvmDtMG/?taken-by=hyperme.chainstores,https://scontent-frt3-1.cdninstagram.com/vp/9eac55e316c74ff0b37b8873bdc446c0/5D0B4FA1/t51.2885-15/e35/51536041_290662488267688_477881184832678326_n.jpg?_nc_ht=scontent-frt3-1.cdninstagram.com,1549978488,0,142,ุฑูุฒ ูุดุชุฑู ูุจุงุฑู๐ ฺูุงุฑุดูุจูุ ูขูคุจููู ุฏุฑ ุฑูุฒ ูุดุชุฑู ุจุง ููู ุงุชูุงูุงุช ุฎูุจ ููุชุธุฑ ุดูุง ูุณุชููโค๏ธ ุจุง ูู ุชูุฑ ูข+ูข ูุดูู ุจุฒู.. ูู ุฎุฑูุฏ ูุฐุช ุจุฎุด๐ ุงูุชูุงุฒ ุฏูุจุฑุงุจุฑ๐ ูุณุงุจูู ุฏุงุฑุช ู ุฌุงูุฒู๐ฏ๐ ูฆูููุงุฑุช ูุฏูู ุฎุฑูุฏ๐ณ๐
514,Btx8buxjhsk,https://www.instagram.com/p/Btx8buxjhsk/?taken-by=hyperme.chainstores,https://scontent-frt3-1.cdninstagram.com/vp/01a2c31f0c5e0b8614f16b91354be47a/5D0B071D/t51.2885-15/e35/50307127_357227211766036_8512053141791927651_n.jpg?_nc_ht=scontent-frt3-1.cdninstagram.com,1549971590,0,94,ูุงูพุฑู ุฏุฑ ุชูุงู ูุฑูุดฺฏุงู ูุง ุฎูุฏุ ุจุง ุชุฎูู ูุง ู ุฎุฏูุงุช ูฺู , ุชูุงูุช ุฑุง ูุนู ู ฺฉูุฏ๐ . . . #ูุงูพุฑู #ููุดู_ูพุฑ_ุชุฎูู ู_ููุดู_ูพุฑ_ุชุฎูู #ูุงูพุฑู_ุงุฑุงู #ุงูุฌุง_ุจู_ุฌุง_ููู_ุฌุง #hyperme #hyperme_chainstores #chainstores #hyper_me#ูุงูพุฑู #ุชุฎูู_ูฺู #ุชุฎูู #ูุฑูุดฺฏุงู_ุฒูุฌุฑู_ุง #ูุงูพุฑู_ุงุฑุงู #ูุฑูุด #ูุฑูุด_ูฺู #ุฏุงูุณุชู_ูุง_ูุงูพุฑู #ูุงูพุฑ_ูุงุฑฺฉุช #ููุดู_ูพุฑ_ุชุฎูู
513,Btx8Xq8DEVb,https://www.instagram.com/p/Btx8Xq8DEVb/?taken-by=hyperme.chainstores,https://scontent-frt3-1.cdninstagram.com/vp/552fd441b40235dbdd7ef24dc601f022/5D023EB9/t51.2885-15/e35/50700228_771073316582026_1913007857554107693_n.jpg?_nc_ht=scontent-frt3-1.cdninstagram.com,1549971557,5,88,ณถ ุฑูุฒ ุฏฺฏุฑ ุชุง ุนุฏ ููุฑูุฒ ุจุงูุณุช... ุฏูพุงุฑุชูุงู ุดููุฏู ู ุจูุฏุงุดุช ูุงูพุฑู ุจุง ุชููพุน ฺฉู ูุธุฑ ฺฉุงูุง ู ุชุฎูู ูุง ูฺู, ููุฑุงู ุฎุงูู ุชฺฉุงู ุดูุงุณุช
512,Btx7hcgDBNO,https://www.instagram.com/p/Btx7hcgDBNO/?taken-by=hyperme.chainstores,https://scontent-frt3-1.cdninstagram.com/vp/aa00e78308f85a7004c8534db384a697/5D119C4C/t51.2885-15/e35/50924451_141407520219386_1673342881597223319_n.jpg?_nc_ht=scontent-frt3-1.cdninstagram.com,1549971113,0,77,ูุงูพุฑู ุฏุฑ ุชูุงู ูุฑูุดฺฏุงู ูุง ุฎูุฏุ ุจุง ุชุฎูู ูุง ู ุฎุฏูุงุช ูฺู , ุชูุงูุช ุฑุง ูุนู ู ฺฉูุฏ๐ . . . #ูุงูพุฑู #ูุงูพุฑู_ููุดู_ูพุฑ_ุชุฎูู #ูุงูพุฑู_ุงุฑุงู #ุงูุฌุง_ุจู_ุฌุง_ููู_ุฌุง #hyperme #hyperme_chainstores #chainstores #hyper_me#ูุงูพุฑู #ุชุฎูู_ูฺู #ุชุฎูู #ูุฑูุดฺฏุงู_ุฒูุฌุฑู_ุง #ูุงูพุฑู_ุงุฑุงู #ูุฑูุด #ูุฑูุด_ูฺู #ุฏุงูุณุชู_ูุง_ูุงูพุฑู #ูุงูพุฑ_ูุงุฑฺฉุช #ููุดู_ูพุฑ_ุชุฎูู
511,BtsPd50D9nY,https://www.instagram.com/p/BtsPd50D9nY/?taken-by=hyperme.chainstores,https://scontent-frt3-1.cdninstagram.com/vp/802ab151be5645ca98e403eec7a600a2/5CF12438/t51.2885-15/e35/51054927_351066272155320_4872852776630292123_n.jpg?_nc_ht=scontent-frt3-1.cdninstagram.com,1549780243,0,73,ูุงูพุฑู ุฏุฑ ุชูุงู ูุฑูุดฺฏุงู ูุง ุฎูุฏุ ุจุง ุชุฎูู ูุง ู ุฎุฏูุงุช ูฺู , ุชูุงูุช ุฑุง ูุนู ู ฺฉูุฏ๐ . . . #ูุงูพุฑู #ูุงูพุฑู_ููุดู_ูพุฑ_ุชุฎูู #ูุงูพุฑู_ุงุฑุงู #ุงูุฌุง_ุจู_ุฌุง_ููู_ุฌุง #hyperme #hyperme_chainstores #chainstores #hyper_me#ูุงูพุฑู #ุชุฎูู_ูฺู #ุชุฎูู #ูุฑูุดฺฏุงู_ุฒูุฌุฑู_ุง #ูุงูพุฑู_ุงุฑุงู #ูุฑูุด #ูุฑูุด_ูฺู #ุฏุงูุณุชู_ูุง_ูุงูพุฑู #ูุงูพุฑ_ูุงุฑฺฉุช #ููุดู_ูพุฑ_ุชุฎูู
510,BtsPY0-DC4P,https://www.instagram.com/p/BtsPY0-DC4P/?taken-by=hyperme.chainstores,https://scontent-frt3-1.cdninstagram.com/vp/3d08e7ebf12d83184d2c5fdf7ab91f61/5C76199D/t51.2885-15/e35/50771819_117727409317198_4400586064086909758_n.jpg?_nc_ht=scontent-frt3-1.cdninstagram.com,1549780202,2,146,ูุงูพุฑู ูุฑุดุชู ูุฌููุนู ุง ูุชูุงูุช ู ฺฉู ูุธุฑ ูู ุงฺฉููู ุฏุฑ ุฏุณุชุฑุณ ุดูุงุณุช ุงุฒ ุฎุฑุฏ ุฎูุฏ ูุฐุช ุจุจุฑุฏ๐๐ ูุทูุง ูุฑู ุจุฒูุฏ . . #hyper_me #hyperme #hypermarket #chainstores #luxury #ูุงูพุฑ_ูุงุฑฺฉุช #ูุงูพุฑู #ูุงูพุฑู_ูุฑุดุชู #ุงูุชุชุงุญู #ููฺฉุณ #ุชุฎูู_ูฺู #ุชุฎูู #ูุฑูุดฺฏุงู_ุฒูุฌุฑู_ุง_ูุงูพุฑู #ูุฑูุดฺฏุงู_ุฒูุฌุฑู_ุง
509,BtsLcw_DXU6,https://www.instagram.com/p/BtsLcw_DXU6/?taken-by=hyperme.chainstores,https://scontent-frt3-1.cdninstagram.com/vp/18e37d902cdb0b851ac6ccabb4914ae0/5D056E7A/t51.2885-15/e35/51591441_2028888103862400_97602795783455846_n.jpg?_nc_ht=scontent-frt3-1.cdninstagram.com,1549778137,3,79,ูุงูพุฑู ุฏุฑ ุชูุงู ูุฑูุดฺฏุงู ูุง ุฎูุฏุ ุจุง ุชุฎูู ูุง ู ุฎุฏูุงุช ูฺู , ุชูุงูุช ุฑุง ูุนู ู ฺฉูุฏ๐ . . . #ูุงูพุฑู #ูุงูพุฑู_ููุดู_ูพุฑ_ุชุฎูู #ูุงูพุฑู_ุงุฑุงู #ุงูุฌุง_ุจู_ุฌุง_ููู_ุฌุง #hyperme #hyperme_chainstores #chainstores #hyper_me#ูุงูพุฑู #ุชุฎูู_ูฺู #ุชุฎูู #ูุฑูุดฺฏุงู_ุฒูุฌุฑู_ุง #ูุงูพุฑู_ุงุฑุงู #ูุฑูุด #ูุฑูุด_ูฺู #ุฏุงูุณุชู_ูุง_ูุงูพุฑู #ูุงูพุฑ_ูุงุฑฺฉุช #ููุดู_ูพุฑ_ุชุฎูู
508,Btic_-DnW2M,https://www.instagram.com/p/Btic_-DnW2M/?taken-by=hyperme.chainstores,https://scontent-frt3-1.cdninstagram.com/vp/c9eaec7304eea7eeaae06ce72ade537b/5D1A01F3/t51.2885-15/e35/50493414_2493640257331292_263812720530681230_n.jpg?_nc_ht=scontent-frt3-1.cdninstagram.com,1549451794,8,172,ุงูุชุฎุงุฑ ุฏฺฏุฑ...๐๐ ุจุง ููุฑุงู ูพุฑ ููุฑุชุงู, ููุฏููู ูุงูพุฑู ุฏุฑ ููุทูู ูุฑุดุชู ุชูุฑุงู ุงูุชุชุงุญ ุดุฏ.๐ ุณู ุดูุจู ฑถ ุจููู ฑณนท ฺูุงุฑ ุฑุงู  ูพุงุฑฺฉ ู, ุฎุงุจุงู ููุนุตุฑ, ุงุจุชุฏุง ูุฑุดุชู, ูุฆููุงู ูุทูุง ูุฑู ุจุฒูุฏ.. #ูุงูพุฑ_ูุงุฑฺฉุช #ูุงูพุฑู #ุชุฎูู_ูฺู #ุชุฎูู #ููฺฉุณ #ูุงูพุฑู_ูุฑุดุชู #ุงูุชุชุงุญู
507,Btic0YpHIfu,https://www.instagram.com/p/Btic0YpHIfu/?taken-by=hyperme.chainstores,https://scontent-frt3-1.cdninstagram.com/vp/573be02948910705666554a76b91db9e/5D0CE538/t51.2885-15/e35/51872765_323089438326402_3486185128892298786_n.jpg?_nc_ht=scontent-frt3-1.cdninstagram.com,1549451699,0,75,ูุงูพุฑู ุฏุฑ ุชูุงู ูุฑูุดฺฏุงู ูุง ุฎูุฏุ ุจุง ุชุฎูู ูุง ู ุฎุฏูุงุช ูฺู , ุชูุงูุช ุฑุง ูุนู ู ฺฉูุฏ๐ . . . #ูุงูพุฑู #ูุงูพุฑู_ููุดู_ูพุฑ_ุชุฎูู #ูุงูพุฑู_ุงุฑุงู #ุงูุฌุง_ุจู_ุฌุง_ููู_ุฌุง #hyperme #hyperme_chainstores #chainstores #hyper_me#ูุงูพุฑู #ุชุฎูู_ูฺู #ุชุฎูู #ูุฑูุดฺฏุงู_ุฒูุฌุฑู_ุง #ูุงูพุฑู_ุงุฑุงู #ูุฑูุด #ูุฑูุด_ูฺู #ุฏุงูุณุชู_ูุง_ูุงูพุฑู #ูุงูพุฑ_ูุงุฑฺฉุช #ููุดู_ูพุฑ_ุชุฎูู
506,Bticl_4HQhm,https://www.instagram.com/p/Bticl_4HQhm/?taken-by=hyperme.chainstores,https://scontent-frt3-1.cdninstagram.com/vp/6c3bb37f8863074a34f1eda2c2cf6605/5D03B633/t51.2885-15/e35/50489276_2295679644033849_1466315258746099355_n.jpg?_nc_ht=scontent-frt3-1.cdninstagram.com,1549451581,5,145,ุงูุชุฎุงุฑ ุฏฺฏุฑ...๐๐ ุจุง ููุฑุงู ูพุฑ ููุฑุชุงู, ููุฏููู ูุงูพุฑู ุฏุฑ ููุทูู ูุฑุดุชู ุชูุฑุงู ุงูุชุชุงุญ ุดุฏ.๐ ุณู ุดูุจู ฑถ ุจููู ฑณนท ฺูุงุฑ ุฑุงู  ูพุงุฑฺฉ ู, ุฎุงุจุงู ููุนุตุฑ, ุงุจุชุฏุง ูุฑุดุชู, ูุฌุชูุน ูุฆููุงู ูุทูุง ูุฑู ุจุฒูุฏ.. #ูุงูพุฑ_ูุงุฑฺฉุช #ูุงูพุฑู #ุชุฎูู_ูฺู #ุชุฎูู #ููฺฉุณ #ูุงูพุฑู_ูุฑุดุชู #ุงูุชุชุงุญู
505,BtdX816jzhP,https://www.instagram.com/p/BtdX816jzhP/?taken-by=hyperme.chainstores,https://scontent-frt3-1.cdninstagram.com/vp/d6e2e4c49964c13ddda1f804f20d9e81/5D27ED30/t51.2885-15/e35/51188212_146471803021737_1571539982498187509_n.jpg?_nc_ht=scontent-frt3-1.cdninstagram.com,1549281374,1,68,ูุงูพุฑู ุฏุฑ ุชูุงู ูุฑูุดฺฏุงู ูุง ุฎูุฏุ ุจุง ุชุฎูู ูุง ู ุฎุฏูุงุช ูฺู , ุชูุงูุช ุฑุง ูุนู ู ฺฉูุฏ๐ . . . #ูุงูพุฑู #ูุงูพุฑู_ููุดู_ูพุฑ_ุชุฎูู #ูุงูพุฑู_ุงุฑุงู #ุงูุฌุง_ุจู_ุฌุง_ููู_ุฌุง #hyperme #hyperme_chainstores #chainstores #hyper_me#ูุงูพุฑู #ุชุฎูู_ูฺู #ุชุฎูู #ูุฑูุดฺฏุงู_ุฒูุฌุฑู_ุง #ูุงูพุฑู_ุงุฑุงู #ูุฑูุด #ูุฑูุด_ูฺู #ุฏุงูุณุชู_ูุง_ูุงูพุฑู #ูุงูพุฑ_ูุงุฑฺฉุช #ููุดู_ูพุฑ_ุชุฎูู
504,BtdXlwNDg3L,https://www.instagram.com/p/BtdXlwNDg3L/?taken-by=hyperme.chainstores,https://scontent-frt3-1.cdninstagram.com/vp/0b92e85c2b3d8df3b75c2374f383fc49/5C766A8E/t51.2885-15/e35/50226259_1004933963045395_513152381660192141_n.jpg?_nc_ht=scontent-frt3-1.cdninstagram.com,1549281329,0,63,ููู ุฏุนูุชุฏ...๐๐๐ ุงูุชุชุงุญู ูุงูพุฑู ูุฑุดุชู๐ ฑถุจููู ฑณนท ,ุณุงุนุชฑถ:ฐฐ ููุชุธุฑ ุญุถูุฑ ฺฏุฑูุชุงู ูุณุชู ุชูุฑุงู, ูพุงุฑฺฉ ู, ุงุจุชุฏุง ุฎุงุจุงู ูุงุถุูุฌุชูุน ุชุฌุงุฑู ูุฆููุงู . .#ูุงูพุฑ_ูุงุฑฺฉุช #ูุงูพุฑู #ุงูุชุชุงุญู #ูุงูพุฑู_ูุฑุดุชู #ูุฑูุด_ูฺู #ูุฑูุดฺฏุงู_ุฒูุฌุฑู_ุง #ูุฑูุดฺฏุงู_ุฒูุฌุฑู_ุง_ูุงูพุฑู #ุชุฎูู_ูฺู
503,BtdWLfjDNV0,https://www.instagram.com/p/BtdWLfjDNV0/?taken-by=hyperme.chainstores,https://scontent-frt3-1.cdninstagram.com/vp/90ff5cfefb376358177135b39329ea23/5CF0EB35/t51.2885-15/e35/50710051_179313796362335_1949562715528258463_n.jpg?_nc_ht=scontent-frt3-1.cdninstagram.com,1549280446,3,69,ูุงูพุฑู ุฏุฑ ุชูุงู ูุฑูุดฺฏุงู ูุง ุฎูุฏุ ุจุง ุชุฎูู ูุง ู ุฎุฏูุงุช ูฺู , ุชูุงูุช ุฑุง ูุนู ู ฺฉูุฏ๐ . . . #ูุงูพุฑู #ูุงูพุฑู_ููุดู_ูพุฑ_ุชุฎูู #ูุงูพุฑู_ุงุฑุงู #ุงูุฌุง_ุจู_ุฌุง_ููู_ุฌุง #hyperme #hyperme_chainstores #chainstores #hyper_me#ูุงูพุฑู #ุชุฎูู_ูฺู #ุชุฎูู #ูุฑูุดฺฏุงู_ุฒูุฌุฑู_ุง #ูุงูพุฑู_ุงุฑุงู #ูุฑูุด #ูุฑูุด_ูฺู #ุฏุงูุณุชู_ูุง_ูุงูพุฑู #ูุงูพุฑ_ูุงุฑฺฉุช #ููุดู_ูพุฑ_ุชุฎูู
502,BtalOSNjSXU,https://www.instagram.com/p/BtalOSNjSXU/?taken-by=hyperme.chainstores,https://scontent-frt3-1.cdninstagram.com/vp/079230348664d43a05412f12138705ea/5D21E262/t51.2885-15/e35/50519343_119665939094664_6845471828234239869_n.jpg?_nc_ht=scontent-frt3-1.cdninstagram.com,1549187670,17,128,ุจุฑูุฏู ูุง ุฎูุด ุดุงูุณ ุฌุดููุงุฑู ุฒูุณุชุงู ูุงูพุฑู๐๐ ฺฉ ุงุฒ ุจุฑูุฏ ูุง ุดูุงุฏ..๐ ููฺูุงู ฑฐ ุฎูุฏุฑู ุจุงูุณุช๐๐๐ ุจุง ุฎุฑุฏ ุญุฏุงูู ณ/ฐฐ/ฐฐฐุชููุงู ุฏุฑ ูุฑุนู ฺฉุด ูุงูพุฑู ุดุฑฺฉุช ฺฉูุฏ ู ุดูุง ุจุฑูุฏู ุงู ูุงู ูุง ุจุงุดุฏ๐๐๐๐๐โ . #ูุงููพุฑูู #ูุงููพุฑ_ูุงุฑูุช  #ุงููุฌุง_ุจู_ุฌุงู_ููู_ุฌุง #ุชุฎููู_ููฺู #ุฌุงูุฒู #ูุฑุนู_ูุดู_ุฒูุณุชุงู_ูุงููพุฑูู #ุฌูุงูุฒ_ููฺู #ูุฑูุดฺฏุงู_ูุงููพุฑูู #ุจุฑูุฏฺฏุงู_ุฎูุด_ุดุงูุณ_ูุงููพุฑูู #ูุงููพุฑูู_ุงูุฑุงู #ูุฑูุด_ููฺู #chainstores #hyperme #hyperme_chainstores #hypermarket
501,BtalMmyjTE2,https://www.instagram.com/p/BtalMmyjTE2/?taken-by=hyperme.chainstores,https://scontent-frt3-1.cdninstagram.com/vp/2f1a967ead720aee762d7143f25dfeea/5D1AED85/t51.2885-15/e35/50481133_402983813802735_718853885961768418_n.jpg?_nc_ht=scontent-frt3-1.cdninstagram.com,1549187656,18,117,ุจุฑูุฏู ูุง ุฎูุด ุดุงูุณ ุฌุดููุงุฑู ุฒูุณุชุงู ูุงูพุฑู๐๐ ฺฉ ุงุฒ ุจุฑูุฏ ูุง ุดูุงุฏ..๐ ููฺูุงู ฑฐ ุฎูุฏุฑู ุจุงูุณุช๐๐๐ ุจุง ุฎุฑุฏ ุญุฏุงูู ณ/ฐฐ/ฐฐฐุชููุงู ุฏุฑ ูุฑุนู ฺฉุด ูุงูพุฑู ุดุฑฺฉุช ฺฉูุฏ ู ุดูุง ุจุฑูุฏู ุงู ูุงู ูุง ุจุงุดุฏ๐๐๐๐๐โ . #ูุงููพุฑูู #ูุงููพุฑ_ูุงุฑูุช  #ุงููุฌุง_ุจู_ุฌุงู_ููู_ุฌุง #ุชุฎููู_ููฺู #ุฌุงูุฒู #ูุฑุนู_ูุดู_ุฒูุณุชุงู_ูุงููพุฑูู #ุฌูุงูุฒ_ููฺู #ูุฑูุดฺฏุงู_ูุงููพุฑูู #ุจุฑูุฏฺฏุงู_ุฎูุด_ุดุงูุณ_ูุงููพุฑูู #ูุงููพุฑูู_ุงูุฑุงู #ูุฑูุด_ููฺู #chainstores #hyperme #hyperme_chainstores #hypermarket
500,BtalLDOjwzv,https://www.instagram.com/p/BtalLDOjwzv/?taken-by=hyperme.chainstores,https://scontent-frt3-1.cdninstagram.com/vp/6de8ccd1f5d6eecd1ee511a8b692e4b3/5D0CBF98/t51.2885-15/e35/51033730_138408153847390_7991075231408101284_n.jpg?_nc_ht=scontent-frt3-1.cdninstagram.com,1549187643,7,111,ุจุฑูุฏู ูุง ุฎูุด ุดุงูุณ ุฌุดููุงุฑู ุฒูุณุชุงู ูุงูพุฑู๐๐ ฺฉ ุงุฒ ุจุฑูุฏ ูุง ุดูุงุฏ..๐ ููฺูุงู ฑฐ ุฎูุฏุฑู ุจุงูุณุช๐๐๐ ุจุง ุฎุฑุฏ ุญุฏุงูู ณ/ฐฐ/ฐฐฐุชููุงู ุฏุฑ ูุฑุนู ฺฉุด ูุงูพุฑู ุดุฑฺฉุช ฺฉูุฏ ู ุดูุง ุจุฑูุฏู ุงู ูุงู ูุง ุจุงุดุฏ๐๐๐๐๐โ . . #ูุงููพุฑูู #ูุงููพุฑ_ูุงุฑูุช  #ุงููุฌุง_ุจู_ุฌุงู_ููู_ุฌุง #ุชุฎููู_ููฺู #ุฌุงูุฒู #ูุฑุนู_ูุดู_ุฒูุณุชุงู_ูุงููพุฑูู #ุฌูุงูุฒ_ููฺู #ูุฑูุดฺฏุงู_ูุงููพุฑูู #ุจุฑูุฏฺฏุงู_ุฎูุด_ุดุงูุณ_ูุงููพุฑูู #ูุงููพุฑูู_ุงูุฑุงู #ูุฑูุด_ููฺู #chainstores #hyperme #hyperme_chainstores #hypermarket
499,BtKsXwEjsvy,https://www.instagram.com/p/BtKsXwEjsvy/?taken-by=hyperme.chainstores,https://scontent-frt3-1.cdninstagram.com/vp/ecea00104c754b1da5e4705246091770/5D052E88/t51.2885-15/e35/50771814_127808571600348_8055826098549506591_n.jpg?_nc_ht=scontent-frt3-1.cdninstagram.com,1548654546,1,240,ุตุจุญุงูู ุงูุฑูุฒุชูู ุฑู ุจุง ูุงูพุฑู ู ุชุฎูู ูุง ูฺู ุงูู ฺฉุงูู ฺฉูุฏ๐ . . #ูุงูพุฑู #ูุงูพุฑู_ููุดู_ูพุฑ_ุชุฎูู #ูุงูพุฑู_ุงุฑุงู #ุงูุฌุง_ุจู_ุฌุง_ููู_ุฌุง #hyperme #hyperme_chainstores #chainstores #hyper_me#ูุงูพุฑู #ุชุฎูู_ูฺู #ุชุฎูู #ูุฑูุดฺฏุงู_ุฒูุฌุฑู_ุง #ูุงูพุฑู_ุงุฑุงู #ูุฑูุด #ูุฑูุด_ูฺู #ุฏุงูุณุชู_ูุง_ูุงูพุฑู #ูุงูพุฑ_ูุงุฑฺฉุช #ููุดู_ูพุฑ_ุชุฎูู
498,BtKsWtwDxlS,https://www.instagram.com/p/BtKsWtwDxlS/?taken-by=hyperme.chainstores,https://scontent-frt3-1.cdninstagram.com/vp/dd7e292555cb036ed719a658b15dbdfd/5C75E65D/t51.2885-15/e35/50919728_132696884433998_8491395997681461194_n.jpg?_nc_ht=scontent-frt3-1.cdninstagram.com,1548654538,0,80,ฺฉ ุตุจุญุงูู ุฎูุดูุฒู ุจุฑุง ุดุฑูุน ฺฉ ุฑูุฒ ูพุฑ ุงูุฑฺ, ุชู ููุง ุจุงุฑูู:-)๐โ๐ง ูุทูุง ูุฑู ุจุฒูุฏ๐๐ป ุทุฑุฒ ุชูู ุณุงูุฏูฺ ุณุงูุงู ุฏุฑ ต ุฏููู๐ฅช ููุงุฏ ูุงุฒู: ุฑูุบู ุฒุชูู ุชุฎู ูุฑุบ๐ฅ ูพุงุฒฺู๐ฅฆ๐ฅฌ ูพูุฏุฑ ูููู ูุฑูุฒ ู ูููู ุณุงู ููฺฉ ุณุงูุงู๐ฅ ูพูุฑ ฺุฏุงุฑ ุฑูุฏู ุดุฏู๐ง ูุงู ุจุฑฺฏุฑ๐๐ฅฏ ููุด ุฌุงูุชูู๐ ูุชููุฏ ุชูุงู ููุงุฏ ูุงุฒู ุจุฑุง ุงู ุตุจุญุงูู ุฎูุดูุฒู ุฑู ุงุฒ ุชูุงู ูุฑูุดฺฏุงู ูุง ูุงูพุฑู ุณุฑุงุณุฑ ุงุฑุงู, ุจู ุตูุฑุช ุชุงุฒู ู ุจุง ุชุฎูู ูุง ูฺู ุชูู ฺฉูุฏ๐ . .  #ูุงูพุฑู #ูุงูพุฑู_ููุดู_ูพุฑ_ุชุฎูู #ูุงูพุฑู_ุงุฑุงู #ุงูุฌุง_ุจู_ุฌุง_ููู_ุฌุง #hyperme #hyperme_chainstores #chainstores #hyper_me#ูุงูพุฑู #ุชุฎูู_ูฺู #ุชุฎูู #ูุฑูุดฺฏุงู_ุฒูุฌุฑู_ุง #ูุงูพุฑู_ุงุฑุงู #ูุฑูุด #ูุฑูุด_ูฺู #ุฏุงูุณุชู_ูุง_ูุงูพุฑู #ูุงูพุฑ_ูุงุฑฺฉุช #ููุดู_ูพุฑ_ุชุฎูู #ุฑุณูพ #ุตุจุญุงูู_ุจุง_ูุงูพุฑู
497,BtKqOznDUpj,https://www.instagram.com/p/BtKqOznDUpj/?taken-by=hyperme.chainstores,https://scontent-frt3-1.cdninstagram.com/vp/8b10bef4d71e1992b911654f4842651c/5D267967/t51.2885-15/e35/49933471_2294273324190677_2337167955336806478_n.jpg?_nc_ht=scontent-frt3-1.cdninstagram.com,1548653425,1,60,ูุงูพุฑู ุฏุฑ ุชูุงู ูุฑูุดฺฏุงู ูุง ุฎูุฏุ ุจุง ุชุฎูู ูุง ู ุฎุฏูุงุช ูฺู , ุชูุงูุช ุฑุง ูุนู ู ฺฉูุฏ๐ . . . #ูุงูพุฑู #ูุงูพุฑู_ููุดู_ูพุฑ_ุชุฎูู #ูุงูพุฑู_ุงุฑุงู #ุงูุฌุง_ุจู_ุฌุง_ููู_ุฌุง #hyperme #hyperme_chainstores #chainstores #hyper_me#ูุงูพุฑู #ุชุฎูู_ูฺู #ุชุฎูู #ูุฑูุดฺฏุงู_ุฒูุฌุฑู_ุง #ูุงูพุฑู_ุงุฑุงู #ูุฑูุด #ูุฑูุด_ูฺู #ุฏุงูุณุชู_ูุง_ูุงูพุฑู #ูุงูพุฑ_ูุงุฑฺฉุช #ููุดู_ูพุฑ_ุชุฎูู
496,BtGDPpgHSVx,https://www.instagram.com/p/BtGDPpgHSVx/?taken-by=hyperme.chainstores,https://scontent-frt3-1.cdninstagram.com/vp/565db2b9b61cad2a5231314fdef0bae2/5D0ACC7E/t51.2885-15/e35/50533030_240486766867837_8382186888676200324_n.jpg?_nc_ht=scontent-frt3-1.cdninstagram.com,1548498767,0,84,ุบุฑูู ูุงูพุฑู ุฏุฑ ุฏููู ููุงุดฺฏุงู ฺฉุงุฑ ุงุฑุงู ด ุงู ถ ุจููู ุจูุณุชุงู ฺฏูุชฺฏู ููุงูุงุช ุจ ูุงุณุทู ู ูุณุชูู ุจู ฺฉุงุฑ ุฌูุงู ู ฺฉุงุฑูุฑูุงุงู ููุชุธุฑ ุฏุฏุงุฑุชูู ูุณุชู๐ค๐ป #ูุงูพุฑ_ูุงุฑฺฉุช #ูุงูพุฑู_ุงุฑุงู #ูุงูพุฑู #ููุงุดฺฏุงู_ฺฉุงุฑ_ุงุฑุงู #ููฺฉุงุฑ #ุฑุฒููู #ุงุณุชุฎุฏุงู #ูุฑูุดฺฏุงู_ุฒูุฌุฑู_ุง #ูุฑูุดฺฏุงู_ุฒูุฌุฑู_ุง_ูุงูพุฑู
495,BtGDMPDnoS3,https://www.instagram.com/p/BtGDMPDnoS3/?taken-by=hyperme.chainstores,https://scontent-frt3-1.cdninstagram.com/vp/f29d6fd7232f619ecc62a00dc6b1c45d/5D1F9E87/t51.2885-15/e35/49857991_381939705889847_3542104722658429712_n.jpg?_nc_ht=scontent-frt3-1.cdninstagram.com,1548498739,0,54,ุจุฑุง ููฺฉุงุฑ ุจุง ูุงูพุฑู ูุชูุงูุฏ ุจู ุบุฑูู ูุง ุฏุฑ ุฏููู ููุงุดฺฏุงู ฺฉุงุฑ ุงุฑุงู , ูุงูุน ุฏุฑ ุจูุณุชุงู ฺฏูุชฺฏู, ูุฑุงุฌุนู ูุฑูุงุฏ.. ด ุงู ถ ุจููู ููุชุธุฑ ุฏุฏุงุฑุชูู ูุณุชู๐ค๐ป #ูุงูพุฑ_ูุงุฑฺฉุช #ูุงูพุฑู_ุงุฑุงู #ูุงูพุฑู #ููุงุดฺฏุงู_ฺฉุงุฑ_ุงุฑุงู #ููฺฉุงุฑ #ุฑุฒููู #ุงุณุชุฎุฏุงู #ูุฑูุดฺฏุงู_ุฒูุฌุฑู_ุง #ูุฑูุดฺฏุงู_ุฒูุฌุฑู_ุง_ูุงูพุฑู
494,BtGClw1nlqu,https://www.instagram.com/p/BtGClw1nlqu/?taken-by=hyperme.chainstores,https://scontent-frt3-1.cdninstagram.com/vp/65ab6c22b5d03a0ba8a590a1caaa95be/5D03256E/t51.2885-15/e35/49746397_2156981064359226_4966822172953762014_n.jpg?_nc_ht=scontent-frt3-1.cdninstagram.com,1548498423,0,113,ุบุฑูู ูุงูพุฑู ุฏุฑ ุฏููู ููุงุดฺฏุงู ฺฉุงุฑ ุงุฑุงู ด ุงู ถ ุจููู ุจูุณุชุงู ฺฏูุชฺฏู ููุงูุงุช ุจ ูุงุณุทู ู ูุณุชูู ุจู ฺฉุงุฑ ุฌูุงู ู ฺฉุงุฑูุฑูุงุงู ููุชุธุฑ ุฏุฏุงุฑุชูู ูุณุชู๐ค๐ป #ูุงูพุฑ_ูุงุฑฺฉุช #ูุงูพุฑู_ุงุฑุงู #ูุงูพุฑู #ููุงุดฺฏุงู_ฺฉุงุฑ_ุงุฑุงู #ููฺฉุงุฑ #ุฑุฒููู #ุงุณุชุฎุฏุงู #ูุฑูุดฺฏุงู_ุฒูุฌุฑู_ุง #ูุฑูุดฺฏุงู_ุฒูุฌุฑู_ุง_ูุงูพุฑู
493,Bs-NSEbDuRG,https://www.instagram.com/p/Bs-NSEbDuRG/?taken-by=hyperme.chainstores,https://scontent-frt3-1.cdninstagram.com/vp/4b3b4cffe7867e37a3a4a76a0b5b619d/5D1D616C/t51.2885-15/e35/50140732_762066994167652_8330273246895550528_n.jpg?_nc_ht=scontent-frt3-1.cdninstagram.com,1548235594,1,68,ูุงูพุฑู ุฏุฑ ุชูุงู ูุฑูุดฺฏุงู ูุง ุฎูุฏุ ุจุง ุชุฎูู ูุง ู ุฎุฏูุงุช ูฺู , ุชูุงูุช ุฑุง ูุนู ู ฺฉูุฏ๐ . . . #ูุงูพุฑู #ูุงูพุฑู_ููุดู_ูพุฑ_ุชุฎูู #ูุงูพุฑู_ุงุฑุงู #ุงูุฌุง_ุจู_ุฌุง_ููู_ุฌุง #hyperme #hyperme_chainstores #chainstores #hyper_me#ูุงูพุฑู #ุชุฎูู_ูฺู #ุชุฎูู #ูุฑูุดฺฏุงู_ุฒูุฌุฑู_ุง #ูุงูพุฑู_ุงุฑุงู #ูุฑูุด #ูุฑูุด_ูฺู #ุฏุงูุณุชู_ูุง_ูุงูพุฑู #ูุงูพุฑ_ูุงุฑฺฉุช #ููุดู_ูพุฑ_ุชุฎูู
492,Bs-NQbRj7G3,https://www.instagram.com/p/Bs-NQbRj7G3/?taken-by=hyperme.chainstores,https://scontent-frt3-1.cdninstagram.com/vp/5729141fb07c4cc7f0a095e37b5c0c1d/5D197E81/t51.2885-15/e35/50050240_2009201672448578_1051753278010793247_n.jpg?_nc_ht=scontent-frt3-1.cdninstagram.com,1548235580,1,66,ุงุฏูุงู ุจุงุดุฏ ุจุฑุง ุจุงุฒฺฏุดุช ุจู ุทุจุนุช: ฺฉุงุบุฐ ณ ูุงู, ูพูุณุช ููู ถ ูุงู ููุท ููุดุงุจู ฑฐ ุชุง ฑฐฐฐ ุณุงู ุฒูุงู ูุงุฒ ุงุณุช. ุจุงุฏ ุจุง ุทุจุนุช ููุฑุจุงู ุชุฑ ุจุงุดู . .#ูุงูพุฑู #ูุงูพุฑ_ูุงุฑฺฉุช #ุงูุฌุง_ุจู_ุฌุง_ููู_ุฌุง #ููุดู_ูพุฑ_ุชุฎูู #ุฏุงูุณุชู_ูุง_ูุงูพุฑู #ุทุจุนุช  #ูุงูพุฑู_ููุดู_ูพุฑ_ุชุฎูู #ูุงูพุฑู_ุฏูุณุชุฏุงุฑ_ุทุจุนุช
491,Bs-Mhc_jqpt,https://www.instagram.com/p/Bs-Mhc_jqpt/?taken-by=hyperme.chainstores,https://scontent-frt3-1.cdninstagram.com/vp/0719969ab37b08c4d19885dc2a0066a2/5D10C57F/t51.2885-15/e35/49299206_137360107279166_1681461584877409962_n.jpg?_nc_ht=scontent-frt3-1.cdninstagram.com,1548235195,1,69,ูุงูพุฑู ุฏุฑ ุชูุงู ูุฑูุดฺฏุงู ูุง ุฎูุฏุ ุจุง ุชุฎูู ูุง ู ุฎุฏูุงุช ูฺู , ุชูุงูุช ุฑุง ูุนู ู ฺฉูุฏ๐ . . . #ูุงูพุฑู #ูุงูพุฑู_ููุดู_ูพุฑ_ุชุฎูู #ูุงูพุฑู_ุงุฑุงู #ุงูุฌุง_ุจู_ุฌุง_ููู_ุฌุง #hyperme #hyperme_chainstores #chainstores #hyper_me#ูุงูพุฑู #ุชุฎูู_ูฺู #ุชุฎูู #ูุฑูุดฺฏุงู_ุฒูุฌุฑู_ุง #ูุงูพุฑู_ุงุฑุงู #ูุฑูุด #ูุฑูุด_ูฺู #ุฏุงูุณุชู_ูุง_ูุงูพุฑู #ูุงูพุฑ_ูุงุฑฺฉุช #ููุดู_ูพุฑ_ุชุฎูู
490,Bs4yC3kDpeM,https://www.instagram.com/p/Bs4yC3kDpeM/?taken-by=hyperme.chainstores,https://scontent-frt3-1.cdninstagram.com/vp/c8408c9e952ee19bb9032753cb25ffab/5D219221/t51.2885-15/e35/50302458_313321535955518_5656311561129408186_n.jpg?_nc_ht=scontent-frt3-1.cdninstagram.com,1548053541,0,62,ูุงูพุฑู ุฏุฑ ุชูุงู ูุฑูุดฺฏุงู ูุง ุฎูุฏุ ุจุง ุชุฎูู ูุง ู ุฎุฏูุงุช ูฺู , ุชูุงูุช ุฑุง ูุนู ู ฺฉูุฏ๐ . . . #ูุงูพุฑู #ูุงูพุฑู_ููุดู_ูพุฑ_ุชุฎูู #ูุงูพุฑู_ุงุฑุงู #ุงูุฌุง_ุจู_ุฌุง_ููู_ุฌุง #hyperme #hyperme_chainstores #chainstores #hyper_me#ูุงูพุฑู #ุชุฎูู_ูฺู #ุชุฎูู #ูุฑูุดฺฏุงู_ุฒูุฌุฑู_ุง #ูุงูพุฑู_ุงุฑุงู #ูุฑูุด #ูุฑูุด_ูฺู #ุฏุงูุณุชู_ูุง_ูุงูพุฑู #ูุงูพุฑ_ูุงุฑฺฉุช #ููุดู_ูพุฑ_ุชุฎูู
489,Bs4x9BbjEu5,https://www.instagram.com/p/Bs4x9BbjEu5/?taken-by=hyperme.chainstores,https://scontent-frt3-1.cdninstagram.com/vp/af7bcc00396a2abd5e418d56b6de026b/5D1E11D5/t51.2885-15/e35/49534108_2117591518522007_2092878238870069868_n.jpg?_nc_ht=scontent-frt3-1.cdninstagram.com,1548053493,1,77,ูพุฑู ุงุฒ ุจุฑูุงูู ุบุฐุง ููุฏ, ุนุงูู ููู ุงุฏฺฏุฑ, ูุนุงูุช ู ุณูุงูุช ุฌุณู ู ุฑูุงู ฺฉูุฏฺฉุงู ุงุณุช. ุฏุฑ ุงู ูุงู ููุด ูุนุฏู ูุง, ุฏุฑ ุฑฺู ุบุฐุง ุขููุง, ูฺฉูู ุถุฑูุฑ ุฑุดุฏ ุชูุงูุง ุดูุงุฎุช ู ุงุฏฺฏุฑ ูุญุณูุจ ู ุดูุฏ. #ุฏุงูุณุชู_ูุง_ูุงูพุฑู #ุงูุฌุง_ุจู_ุฌุง_ููู_ุฌุง #ูุงูพุฑู #ุชุฎูู_ูฺู #ูุงูพุฑู_ููุดู_ูพุฑ_ุชุฎูู
488,Bs4xelQDPbf,https://www.instagram.com/p/Bs4xelQDPbf/?taken-by=hyperme.chainstores,https://scontent-frt3-1.cdninstagram.com/vp/6e7b722e6511831d5331e83eccd790e3/5D28C4B9/t51.2885-15/e35/49557317_344861746356356_6832975175677154041_n.jpg?_nc_ht=scontent-frt3-1.cdninstagram.com,1548053244,1,71,ูุงูพุฑู ุฏุฑ ุชูุงู ูุฑูุดฺฏุงู ูุง ุฎูุฏุ ุจุง ุชุฎูู ูุง ู ุฎุฏูุงุช ูฺู , ุชูุงูุช ุฑุง ูุนู ู ฺฉูุฏ๐ . . . #ูุงูพุฑู #ูุงูพุฑู_ููุดู_ูพุฑ_ุชุฎูู #ูุงูพุฑู_ุงุฑุงู #ุงูุฌุง_ุจู_ุฌุง_ููู_ุฌุง #hyperme #hyperme_chainstores #chainstores #hyper_me#ูุงูพุฑู #ุชุฎูู_ูฺู #ุชุฎูู #ูุฑูุดฺฏุงู_ุฒูุฌุฑู_ุง #ูุงูพุฑู_ุงุฑุงู #ูุฑูุด #ูุฑูุด_ูฺู #ุฏุงูุณุชู_ูุง_ูุงูพุฑู #ูุงูพุฑ_ูุงุฑฺฉุช #ููุดู_ูพุฑ_ุชุฎูู
487,Bs0C1CYnJ40,https://www.instagram.com/p/Bs0C1CYnJ40/?taken-by=hyperme.chainstores,https://scontent-frt3-1.cdninstagram.com/vp/ca72f326a4249e70033c55d0af4586ae/5CF0CAFB/t51.2885-15/e35/49310754_104516793898758_8318077577626880518_n.jpg?_nc_ht=scontent-frt3-1.cdninstagram.com,1547894569,1,55,ูุงูพุฑู ุฏุฑ ุชูุงู ูุฑูุดฺฏุงู ูุง ุฎูุฏุ ุจุง ุชุฎูู ูุง ู ุฎุฏูุงุช ูฺู , ุชูุงูุช ุฑุง ูุนู ู ฺฉูุฏ๐ . . . #ูุงูพุฑู #ูุงูพุฑู_ููุดู_ูพุฑ_ุชุฎูู #ูุงูพุฑู_ุงุฑุงู #ุงูุฌุง_ุจู_ุฌุง_ููู_ุฌุง #hyperme #hyperme_chainstores #chainstores #hyper_me#ูุงูพุฑู #ุชุฎูู_ูฺู #ุชุฎูู #ูุฑูุดฺฏุงู_ุฒูุฌุฑู_ุง #ูุงูพุฑู_ุงุฑุงู #ูุฑูุด #ูุฑูุด_ูฺู #ุฏุงูุณุชู_ูุง_ูุงูพุฑู #ูุงูพุฑ_ูุงุฑฺฉุช #ููุดู_ูพุฑ_ุชุฎูู
486,Bs0CLLenUef,https://www.instagram.com/p/Bs0CLLenUef/?taken-by=hyperme.chainstores,https://scontent-frt3-1.cdninstagram.com/vp/77fb7367a235b97ab651a1830c31838d/5C7629F0/t51.2885-15/e35/49612919_533515710486525_817104815085795708_n.jpg?_nc_ht=scontent-frt3-1.cdninstagram.com,1547894539,2,57,ุงู ุฒูุณุชูู ุงูุฏ ุฏุงุฑู..โโ ุจุง ุฎุฑุฏ ุงุฒ ุชูุงู ูุฑูุดฺฏุงู ูุง ูุงูพุฑู ุณุฑุงุณุฑ ุงุฑุงูุุดูุง ูู ุจุฑูุฏู ุงุฏ..๐๐๐๐โจ๐ ูุฑ ณฐฐ ูุฒุงุฑ ุชููุงู ฺฉ ุงูุชุงุฒ ูุฑุนู ฺฉุด ุฏูุณุชุงู ุฎูุฏ ุฑุง ุฒุฑ ุงู ูพุณุช ุชฺฏ ฺฉูุฏ๐๐
485,Bsz0ZTVnX3D,https://www.instagram.com/p/Bsz0ZTVnX3D/?taken-by=hyperme.chainstores,https://scontent-frt3-1.cdninstagram.com/vp/9929bd3e43dfb8834ee1253c4c81b0df/5CEB3AFD/t51.2885-15/e35/50540175_2173282992738227_4751369484275862953_n.jpg?_nc_ht=scontent-frt3-1.cdninstagram.com,1547887001,0,52,ูุงูพุฑู ุฏุฑ ุชูุงู ูุฑูุดฺฏุงู ูุง ุฎูุฏุ ุจุง ุชุฎูู ูุง ู ุฎุฏูุงุช ูฺู , ุชูุงูุช ุฑุง ูุนู ู ฺฉูุฏ๐ . . . #ูุงูพุฑู #ูุงูพุฑู_ููุดู_ูพุฑ_ุชุฎูู #ูุงูพุฑู_ุงุฑุงู #ุงูุฌุง_ุจู_ุฌุง_ููู_ุฌุง #hyperme #hyperme_chainstores #chainstores #hyper_me#ูุงูพุฑู #ุชุฎูู_ูฺู #ุชุฎูู #ูุฑูุดฺฏุงู_ุฒูุฌุฑู_ุง #ูุงูพุฑู_ุงุฑุงู #ูุฑูุด #ูุฑูุด_ูฺู #ุฏุงูุณุชู_ูุง_ูุงูพุฑู #ูุงูพุฑ_ูุงุฑฺฉุช #ููุดู_ูพุฑ_ุชุฎูู
484,Bsuys3anz8h,https://www.instagram.com/p/Bsuys3anz8h/?taken-by=hyperme.chainstores,https://scontent-frt3-1.cdninstagram.com/vp/cd61dbd51bf6674ef607eccff4323542/5D092FA5/t51.2885-15/e35/49907264_283934285635576_4620182237874938540_n.jpg?_nc_ht=scontent-frt3-1.cdninstagram.com,1547718341,1,57,ูุงูพุฑู ุฏุฑ ุชูุงู ูุฑูุดฺฏุงู ูุง ุฎูุฏุ ุจุง ุชุฎูู ูุง ู ุฎุฏูุงุช ูฺู , ุชูุงูุช ุฑุง ูุนู ู ฺฉูุฏ๐ . . . #ูุงูพุฑู #ูุงูพุฑู_ููุดู_ูพุฑ_ุชุฎูู #ูุงูพุฑู_ุงุฑุงู #ุงูุฌุง_ุจู_ุฌุง_ููู_ุฌุง #hyperme #hyperme_chainstores #chainstores #hyper_me#ูุงูพุฑู #ุชุฎูู_ูฺู #ุชุฎูู #ูุฑูุดฺฏุงู_ุฒูุฌุฑู_ุง #ูุงูพุฑู_ุงุฑุงู #ูุฑูุด #ูุฑูุด_ูฺู #ุฏุงูุณุชู_ูุง_ูุงูพุฑู #ูุงูพุฑ_ูุงุฑฺฉุช #ููุดู_ูพุฑ_ุชุฎูู
483,BssDYLWDiFo,https://www.instagram.com/p/BssDYLWDiFo/?taken-by=hyperme.chainstores,https://scontent-frt3-1.cdninstagram.com/vp/bd1932fc644dd3131611e5c4146de95e/5D225D3B/t51.2885-15/e35/49439993_610994296025278_2811164904156930319_n.jpg?_nc_ht=scontent-frt3-1.cdninstagram.com,1547626421,0,52,ูุงูพุฑู ุฏุฑ ุชูุงู ูุฑูุดฺฏุงู ูุง ุฎูุฏุ ุจุง ุชุฎูู ูุง ู ุฎุฏูุงุช ูฺู , ุชูุงูุช ุฑุง ูุนู ู ฺฉูุฏ๐ . . . #ูุงูพุฑู #ูุงูพุฑู_ููุดู_ูพุฑ_ุชุฎูู #ูุงูพุฑู_ุงุฑุงู #ุงูุฌุง_ุจู_ุฌุง_ููู_ุฌุง #hyperme #hyperme_chainstores #chainstores #hyper_me#ูุงูพุฑู #ุชุฎูู_ูฺู #ุชุฎูู #ูุฑูุดฺฏุงู_ุฒูุฌุฑู_ุง #ูุงูพุฑู_ุงุฑุงู #ูุฑูุด #ูุฑูุด_ูฺู #ุฏุงูุณุชู_ูุง_ูุงูพุฑู #ูุงูพุฑ_ูุงุฑฺฉุช #ููุดู_ูพุฑ_ุชุฎูู
482,BssDWtTDKFc,https://www.instagram.com/p/BssDWtTDKFc/?taken-by=hyperme.chainstores,https://scontent-frt3-1.cdninstagram.com/vp/8529b97a84ea7266b29b720ec1294b6f/5C762754/t51.2885-15/e35/47691683_2265798573707662_6115021032295061477_n.jpg?_nc_ht=scontent-frt3-1.cdninstagram.com,1547626409,8,112,๐ุงู ฺฉ ุฏุนูุช ุณุงุฏู ูุจูุฏ...๐ ุฏุนูุช ุจูุฏ ุจู ุงูุชุชุงุญู ุง ุจุงุดฺฉูู ุจู ุนุธูุช ูุฑุฏู ุงุฑุงู ุฒูู ฺฉู ุจุง ุญุถูุฑุดุงู ุชูุงูุช ุฑุง ูุนู ฺฉุฑุฏูุฏ ุงูุชุชุงุญ ูุงูพุฑู ฺฉุงูุงู ุฏุฑ ุจููุงุฑ ููุฐู ฺฉุฑุฌ ูุจุงุฑฺฉ๐๐ป๐๐ ูุทูุง ูุฑู ุจุฒูุฏ... . . #ูุงูพุฑู #ูุงูพุฑู_ุจุงุบุณุชุงู #ูุฌุชูุน_ฺฉุงูุงู_ุจุงุบุณุชุงู #ููุดู_ูพุฑ_ุชุฎูู #ุงูุชุชุงุญู #ุงูุฌุง_ุจู_ุฌุง_ููู_ุฌุง #ุจุงุบุณุชุงู_ฺฉุฑุฌ #ฺฉุฑุฌ #ูุงูพุฑ_ูุงุฑฺฉุช #ุชุฎูู_ูฺู #ฺฏููุฑุฏุดุช #ุงูุชุชุงุญู
481,BsiMmoVjQ6n,https://www.instagram.com/p/BsiMmoVjQ6n/?taken-by=hyperme.chainstores,https://scontent-frt3-1.cdninstagram.com/vp/748551b4aa228b1281b45d03324d7ac8/5D07287D/t51.2885-15/e35/49564977_329577324326445_96372590846145279_n.jpg?_nc_ht=scontent-frt3-1.cdninstagram.com,1547295714,3,50,ูุงูพุฑู ุฏุฑ ุชูุงู ูุฑูุดฺฏุงู ูุง ุฎูุฏุ ุจุง ุชุฎูู ูุง ู ุฎุฏูุงุช ูฺู , ุชูุงูุช ุฑุง ูุนู ู ฺฉูุฏ๐ . . . #ูุงูพุฑู #ูุงูพุฑู_ููุดู_ูพุฑ_ุชุฎูู #ูุงูพุฑู_ุงุฑุงู #ุงูุฌุง_ุจู_ุฌุง_ููู_ุฌุง #hyperme #hyperme_chainstores #chainstores #hyper_me#ูุงูพุฑู #ุชุฎูู_ูฺู #ุชุฎูู #ูุฑูุดฺฏุงู_ุฒูุฌุฑู_ุง #ูุงูพุฑู_ุงุฑุงู #ูุฑูุด #ูุฑูุด_ูฺู #ุฏุงูุณุชู_ูุง_ูุงูพุฑู #ูุงูพุฑ_ูุงุฑฺฉุช #ููุดู_ูพุฑ_ุชุฎูู
480,BsiL0q6jzlu,https://www.instagram.com/p/BsiL0q6jzlu/?taken-by=hyperme.chainstores,https://scontent-frt3-1.cdninstagram.com/vp/6c01a24434d1d2c39aaa99143f4761c4/5C762B12/t51.2885-15/e35/49844039_2085457555078310_2452279603648796528_n.jpg?_nc_ht=scontent-frt3-1.cdninstagram.com,1547295679,3,91,ุฏุฑ ฺฉูุงุฑ ุดูุง, ุงูุชุชุงุญ ุดุงูุฒุฏูู ูุฑูุดฺฏุงู ุฑุง ุฌุดู ฺฏุฑูุชู..๐๐๐๐ ฑนุฏ ูุงู ุจุง ุญุถูุฑ ุงุฑฺฉุณุชุฑ ุณุงูุงู ุฌูู๐ค๐ป๐ธ๐บ๐ท๐น ฺฉุฑุฌ, ุจุงุบุณุชุงู, ุจููุงุฑ ููุฐู ุฎุงุจุงู ูพุฑูุฒ, ูุฌุชูุน ุชุฌุงุฑ ฺฉุงูุงู #hyper_me #hyperme_chainstores #karaj #hyperme_baghestan #kiamall #ุงูุฌุง_ุจู_ุฌุง_ููู_ุฌุง #ูุงูพุฑ_ูุงุฑฺฉุช #ูุงูพุฑู_ุงุฑุงู #ุชุฎูู_ูฺู #ูุงูพุฑู_ุจุงุบุณุชุงู #ฺฉุฑุฌ #ฺฉุงูุงู_ฺฉุฑุฌ #ูุงูพุฑู_ููุดู_ูพุฑ_ุชุฎูู #ุดุงูุฒุฏููู_ูุงูพุฑู
479,BsiFA0cDOUi,https://www.instagram.com/p/BsiFA0cDOUi/?taken-by=hyperme.chainstores,https://scontent-frt3-1.cdninstagram.com/vp/352a0f28f073526100fc10e59bd30751/5D235CD2/t51.2885-15/e35/47584300_155581568764153_5914390989934916386_n.jpg?_nc_ht=scontent-frt3-1.cdninstagram.com,1547291734,0,39,ูุงูพุฑู ุฏุฑ ุชูุงู ูุฑูุดฺฏุงู ูุง ุฎูุฏุ ุจุง ุชุฎูู ูุง ู ุฎุฏูุงุช ูฺู , ุชูุงูุช ุฑุง ูุนู ู ฺฉูุฏ๐ . . . #ูุงูพุฑู #ูุงูพุฑู_ููุดู_ูพุฑ_ุชุฎูู #ูุงูพุฑู_ุงุฑุงู #ุงูุฌุง_ุจู_ุฌุง_ููู_ุฌุง #hyperme #hyperme_chainstores #chainstores #hyper_me#ูุงูพุฑู #ุชุฎูู_ูฺู #ุชุฎูู #ูุฑูุดฺฏุงู_ุฒูุฌุฑู_ุง #ูุงูพุฑู_ุงุฑุงู #ูุฑูุด #ูุฑูุด_ูฺู #ุฏุงูุณุชู_ูุง_ูุงูพุฑู #ูุงูพุฑ_ูุงุฑฺฉุช #ููุดู_ูพุฑ_ุชุฎูู
478,BsUuC5ND2aj,https://www.instagram.com/p/BsUuC5ND2aj/?taken-by=hyperme.chainstores,https://scontent-frt3-1.cdninstagram.com/vp/518262de4599202389c80773563308f9/5D031D18/t51.2885-15/e35/47585351_1080689835444934_1926642624838081617_n.jpg?_nc_ht=scontent-frt3-1.cdninstagram.com,1546843485,3,46,ูุงูพุฑู ุฏุฑ ุชูุงู ูุฑูุดฺฏุงู ูุง ุฎูุฏุ ุจุง ุชุฎูู ูุง ู ุฎุฏูุงุช ูฺู , ุชูุงูุช ุฑุง ูุนู ู ฺฉูุฏ๐ . . . #ูุงูพุฑู #ูุงูพุฑู_ููุดู_ูพุฑ_ุชุฎูู #ูุงูพุฑู_ุงุฑุงู #ุงูุฌุง_ุจู_ุฌุง_ููู_ุฌุง #hyperme #hyperme_chainstores #chainstores #hyper_me#ูุงูพุฑู #ุชุฎูู_ูฺู #ุชุฎูู #ูุฑูุดฺฏุงู_ุฒูุฌุฑู_ุง #ูุงูพุฑู_ุงุฑุงู #ูุฑูุด #ูุฑูุด_ูฺู #ุฏุงูุณุชู_ูุง_ูุงูพุฑู #ูุงูพุฑ_ูุงุฑฺฉุช #ููุดู_ูพุฑ_ุชุฎูู
477,BsUt4CUj6Uj,https://www.instagram.com/p/BsUt4CUj6Uj/?taken-by=hyperme.chainstores,https://scontent-frt3-1.cdninstagram.com/vp/169d50a023e4f33090bbb2503619e526/5C766E88/t51.2885-15/e35/47584358_291672145031713_1739689388021906467_n.jpg?_nc_ht=scontent-frt3-1.cdninstagram.com,1546843432,1,58,ุชุฑฺฉุจุงุช ูุงุฒู ุจุฑุง ุชูู ฺฉ ููฺฉุชู ูุฌุงู ุงูฺฏุฒ ู ุฎูุดูุฒู ุดุงุฏู๐น ุงูุจู ุขูุงูุงุณ๐ ุฎ ูุณุจุช ฺฉ ุจู ฺฉ ุขุจ ฺฏุงุฒุฏุงุฑ ู ููฺฉุชู ฺฉุงุฒูุงูพูุชู ุดุงุฏู ููุด ุฌุงูุชูู๐น๐๐ @azarmahisefat @shadlee.juice  #hyper_me #hyperme_chainstores #hyperme #shadlee #ุงูุฌุง_ุจู_ุฌุง_ููู_ุฌุง #ููุดู_ูพุฑ_ุชุฎูู
476,BsUtz83DD5Q,https://www.instagram.com/p/BsUtz83DD5Q/?taken-by=hyperme.chainstores,https://scontent-frt3-1.cdninstagram.com/vp/08917e77c96867a3e505677ae6444911/5D2622B0/t51.2885-15/e35/47692555_289879815052436_1466166927298179129_n.jpg?_nc_ht=scontent-frt3-1.cdninstagram.com,1546843362,1,36,ูุงูพุฑู ุฏุฑ ุชูุงู ูุฑูุดฺฏุงู ูุง ุฎูุฏุ ุจุง ุชุฎูู ูุง ู ุฎุฏูุงุช ูฺู , ุชูุงูุช ุฑุง ูุนู ู ฺฉูุฏ๐ . . . #ูุงูพุฑู #ูุงูพุฑู_ููุดู_ูพุฑ_ุชุฎูู #ูุงูพุฑู_ุงุฑุงู #ุงูุฌุง_ุจู_ุฌุง_ููู_ุฌุง #hyperme #hyperme_chainstores #chainstores #hyper_me#ูุงูพุฑู #ุชุฎูู_ูฺู #ุชุฎูู #ูุฑูุดฺฏุงู_ุฒูุฌุฑู_ุง #ูุงูพุฑู_ุงุฑุงู #ูุฑูุด #ูุฑูุด_ูฺู #ุฏุงูุณุชู_ูุง_ูุงูพุฑู #ูุงูพุฑ_ูุงุฑฺฉุช #ููุดู_ูพุฑ_ุชุฎูู
475,BsKVR86D0OQ,https://www.instagram.com/p/BsKVR86D0OQ/?taken-by=hyperme.chainstores,https://scontent-frt3-1.cdninstagram.com/vp/ecaa3a9539b2381a3d17631a0de95a21/5D0959CD/t51.2885-15/e35/47581462_348279292691657_8479893016421293408_n.jpg?_nc_ht=scontent-frt3-1.cdninstagram.com,1546494957,3,39,ูุงูพุฑู ุฏุฑ ุชูุงู ูุฑูุดฺฏุงู ูุง ุฎูุฏุ ุจุง ุชุฎูู ูุง ู ุฎุฏูุงุช ูฺู , ุชูุงูุช ุฑุง ูุนู ู ฺฉูุฏ๐ . . . #ูุงูพุฑู #ูุงูพุฑู_ููุดู_ูพุฑ_ุชุฎูู #ูุงูพุฑู_ุงุฑุงู #ุงูุฌุง_ุจู_ุฌุง_ููู_ุฌุง #hyperme #hyperme_chainstores #chainstores #hyper_me#ูุงูพุฑู #ุชุฎูู_ูฺู #ุชุฎูู #ูุฑูุดฺฏุงู_ุฒูุฌุฑู_ุง #ูุงูพุฑู_ุงุฑุงู #ูุฑูุด #ูุฑูุด_ูฺู #ุฏุงูุณุชู_ูุง_ูุงูพุฑู #ูุงูพุฑ_ูุงุฑฺฉุช #ููุดู_ูพุฑ_ุชุฎูู
474,BsKVJTvjqUT,https://www.instagram.com/p/BsKVJTvjqUT/?taken-by=hyperme.chainstores,https://scontent-frt3-1.cdninstagram.com/vp/b9a3a553679d9ece5cb3cdf342074cfa/5C767AB8/t51.2885-15/e35/47585180_2594415943931766_2477332278172840258_n.jpg?_nc_ht=scontent-frt3-1.cdninstagram.com,1546494945,0,54,ุณุงู ูู ููุงุฏ ุจุฑ ููู ูููุทูุงู ูุณุญ ูุจุงุฑฺฉ ุจุงุฏ๐๐๐๐๐๐๐
473,BsKU90HDOTB,https://www.instagram.com/p/BsKU90HDOTB/?taken-by=hyperme.chainstores,https://scontent-frt3-1.cdninstagram.com/vp/da7c3a1e3a99650c8ca6b2805ec3d4a0/5D2517F7/t51.2885-15/e35/47581717_1079304915587395_5868625125904912968_n.jpg?_nc_ht=scontent-frt3-1.cdninstagram.com,1546494792,1,46,ูุงูพุฑู ุฏุฑ ุชูุงู ูุฑูุดฺฏุงู ูุง ุฎูุฏุ ุจุง ุชุฎูู ูุง ู ุฎุฏูุงุช ูฺู , ุชูุงูุช ุฑุง ูุนู ู ฺฉูุฏ๐ . . . #ูุงูพุฑู #ูุงูพุฑู_ููุดู_ูพุฑ_ุชุฎูู #ูุงูพุฑู_ุงุฑุงู #ุงูุฌุง_ุจู_ุฌุง_ููู_ุฌุง #hyperme #hyperme_chainstores #chainstores #hyper_me#ูุงูพุฑู #ุชุฎูู_ูฺู #ุชุฎูู #ูุฑูุดฺฏุงู_ุฒูุฌุฑู_ุง #ูุงูพุฑู_ุงุฑุงู #ูุฑูุด #ูุฑูุด_ูฺู #ุฏุงูุณุชู_ูุง_ูุงูพุฑู #ูุงูพุฑ_ูุงุฑฺฉุช #ููุดู_ูพุฑ_ุชุฎูู
